first,last,website,twitter,img
Alena,Holligan,sketchings.com,sketchings,https://ca-times.brightspotcdn.com/dims4/default/3410d66/2147483647/strip/false/crop/3000x2174+0+0/resize/1486x1077!/quality/75/?url=https%3A%2F%2Fcalifornia-times-brightspot.s3.amazonaws.com%2Fff%2F5d%2F87a251e6489ba3e54445ac51456f%2F2017-clive-davis-pre-grammy-gala-arrivals-39491.jpg
Sammy Kaye,Powers,sammyk.me,SammyK,https://www.onthisday.com/images/people/ava-max.jpg?w=360
Eli,White,eliw.com,EliW,https://www.onthisday.com/images/people/dua-lipa.jpg?w=360
Beth,Tucker Long,treelinedesign.com,e3BethT,https://www.myself.de/Aktuelles/Beauty/Makeup/15287/image-thumb__15287__gallery-horizontal/clean-girl-makeup.jpg
Adam,Culp,geekyboy.com,adamculp,https://www.houseofwellness.com.au/wp-content/uploads/2023/01/vanilla-girl-make-up.jpg
Chris,Cornutt,blog.phpdeveloper.org,enygma,https://funkylife.in/wp-content/uploads/2023/02/cute-girl-pic-2-1024x1024.jpg
Elizabeth,Smith,emsmith.net,auroraeosrose,https://cosmeticsbusiness.com/article-image-alias/vanilla-girl-beauty-is-already-the.jpeg
Jeremy,Mikola,jmikola.net,jmikola,https://www.themoviedb.org/t/p/w500/eW73DbmKQrqb6xDC52oMbVehw6G.jpg
Joe,Ferguson,JoeFerguson.me,JoePFerguson,https://i.ndtvimg.com/mt/movies/2012-05/robert-pattinson-2905.jpg
Michelle,Sanver,about.me/michellesanver,michellesanver,https://mediamass.net/jdd/public/documents/celebrities/4698.jpg
Zeev,Suraski,zsuraski.blogspot.com,zeevs,https://phantom-marca.unidadeditorial.es/49ed8e3f37a2dc8f99b1fc2a79879141/resize/828/f/jpg/assets/multimedia/imagenes/2023/06/10/16864048189110.png
Rasmus,Lerdorf,toys.lerdorf.com,rasmus,https://www.iwmbuzz.com/wp-content/uploads/2021/11/blinks-have-you-noticed-these-10-things-in-blackpinks-lisas-lalisa-music-video-check-out.jpg
Emma Jane,Hogbin Westby,emmajane.net,emmajanehw,https://assets.ayobandung.com/crop/510x167:859x710/750x500/webp/photo/2023/02/01/2561688023.png
Michelangelo,van Dam,dragonbe.com,DragonBe,https://i.pinimg.com/564x/8c/38/a2/8c38a29c6c040ce2b0601d7a1d1d9d3c.jpg
Taylor,Otwell,laravel.com,taylorotwell,https://1409791524.rsc.cdn77.org/data/images/full/603683/ros.jpg
Ryan,Carson,ryancarson.com,ryancarson,https://m.media-amazon.com/images/M/MV5BNzg1NWE2NzAtNDY2Yi00NWUwLWJlMWYtZWZhYjRmMGYwZDIzXkEyXkFqcGdeQXVyMTI1OTY3MzM3._V1_FMjpg_UX1000_.jpg
Katrina,Kaif,katrina,katrina,https://www.bollywoodhungama.com/wp-content/uploads/2019/09/Katrina-Kaif-looks-like-a-breath-of-fresh-air-in-her-latest-Instagram-post.jpg
Deepaka,Kapoor,deepaka,deepaka,https://images.hindustantimes.com/img/2022/02/20/1600x900/Deepika_Padukone_Gehraiyaan_1645337273884_1645337274005.jpg
